input_row_key,input_company_name,matched_veridion_id,match_score,status
0,24-SEVEN MEDIA NETWORK (PRIVATE) LIMITED,26e22210-93e5-11eb-b997-8dd98d09cf25,81.59,MATCHED
1,2OPERATE A/S,8b99ef83-93e4-11eb-b997-8dd98d09cf25,92.78,MATCHED
2,3 STEP IT A/S,45309031-f8ab-11ed-89fe-613148a94f23,96.25,MATCHED
5,"3DEGREES GROUP, INC.",df61d790-93e4-11eb-aa66-9b8d95e2171b,100.0,MATCHED
6,3Step IT Group Oy,359bd116-93e5-11eb-b5f6-816dd10ac7b0,100.0,MATCHED
7,A.T. KEARNEY AB,e8a0c2c0-2d40-11ed-8056-51d6fec0e25c,83.8,MATCHED
8,A. T. KEARNEY PTE. LTD,3bd57537-967f-11eb-a6b4-898f90f73868,77.5,MATCHED
9,AALBORG CITY,272b8711-93e5-11eb-8e19-198fb02d6f96,100.0,MATCHED
10,ACCENTURE SERVICES AS,,61.48,UNMATCHED (Low Confidence)
11,Accutics ApS,347c7e63-93e5-11eb-90d2-e3355a7e800b,79.14,MATCHED
12,ACOME,fed105d4-93e4-11eb-9937-4fab995bf8ff,100.0,MATCHED
13,"ACOME XINTAI CABLES CO., LTD.",1000ca72-f7d7-11ed-bb8f-e9ec1594da2e,72.14,MATCHED
14,ADAPT A/S,e8772100-93e4-11eb-b5f6-816dd10ac7b0,100.0,MATCHED
15,ADECCO A/S,,67.0,UNMATCHED (Low Confidence)
16,ADECCO PERSONNEL PTE LTD,410a4cc3-93e5-11eb-9937-4fab995bf8ff,100.0,MATCHED
17,ADOBE SYSTEMS SOFTWARE IRELAND LIMITED,099ed3a8-1afb-11ec-a882-057f42292856,82.0,MATCHED
18,ADVANCED DIGITAL BROADCAST SA,47b15560-93e5-11eb-91fb-73d498260b10,71.3,MATCHED
19,Advanced Network Solutions Sdn Bhd,3c9b6969-fdd5-11ef-8bcd-e7d9bf87b1c1,100.0,MATCHED
20,ADVANSIA AS,a9f7869f-93e4-11eb-97db-273ba5953680,100.0,MATCHED
21,AEGER GROUP AS,2d7be421-93e5-11eb-be5a-4f810ab55f2e,85.0,MATCHED
22,AFFIRMED NETWORKS INC,ef392bbd-93e4-11eb-919a-b3f9a5ad205c,100.0,MATCHED
23,Agg Power Technology (Fuzhou) Co Ltd.,e57dde30-93e4-11eb-8474-3bbe2d07207d,77.76,MATCHED
24,AIA Berhad,25f047fc-93e5-11eb-a736-0f5b20ecb2f1,81.47,MATCHED
25,AIG EUROPE S.A. NUF,379975dc-93e5-11eb-90d2-e3355a7e800b,94.38,MATCHED
26,AKTIESELSKABET RODOVRE CENTRUM,eab4a797-e56c-11ed-86c6-9fd2c95fb352,98.5,MATCHED
27,ALLEN OVERY SHEARMAN STERLING LLP,19609053-0bbc-11ee-900c-9bee0d280070,100.0,MATCHED
28,ALTAIR GLOBAL RELOCATION SINGAPORE PTE. LTD.,0c992f9f-0fd1-11ec-bd22-89bd160f55dd,70.71,MATCHED
29,"AMAZON WEB SERVICES, INC.",6be202b0-a899-11ed-a9cf-ff6a091ebade,95.71,MATCHED
30,AMAZON WEB SERVICES EMEA SARL,d7db1d69-93e4-11eb-90d2-e3355a7e800b,99.21,MATCHED
31,"AMAZON WEB SERVICES EMEA SARL, NORWEGIAN BRANCH",,67.86,UNMATCHED (Low Confidence)
32,AMDOCS DEVELOPMENT LIMITED,,46.36,UNMATCHED (Low Confidence)
33,"American Express Europe Denmark, filial af American Express Europe S.A., Spanien",,41.2,UNMATCHED (Low Confidence)
34,American Express Europe SA (Norway),d791fd63-e113-11ec-a72c-1538a9321a8e,86.67,MATCHED
35,ANALYSYS MASON AS,e97d1f55-93e4-11eb-be3a-7f925cb94351,73.33,MATCHED
36,MASON SITE FINDER LIMITED,,59.88,UNMATCHED (Low Confidence)
37,ANDCO A/S,d7aa707f-93e4-11eb-9937-4fab995bf8ff,100.0,MATCHED
38,Annalect Denmark A/S,cfc5f77c-ce95-11ed-953a-9d8f156b9731,95.0,MATCHED
39,Anne Mette Lund,02e56300-fff5-11eb-ba37-0759ad39afe6,70.0,MATCHED
40,ANRITSU A/S,,51.25,UNMATCHED (Low Confidence)
41,Aon Assessment Denmark A/S,bf876480-93e4-11eb-8474-3bbe2d07207d,71.0,MATCHED
42,AON NORWAY AS,94b23b7a-a0a5-11ed-9081-2b8f862bccfc,100.0,MATCHED
43,APPDYNAMICS UK LTD,1b534d18-93e5-11eb-be3a-7f925cb94351,79.01,MATCHED
44,APPLE DISTRIBUTION INTERNATIONAL LIMITED,72b33d10-1afd-11ec-9842-212d1c52ad77,100.0,MATCHED
46,Apple Malaysia Sdn. Bhd.,50c0e708-22bf-11ec-9024-ef7bc13965aa,100.0,MATCHED
47,Apple South Asia (Thailand) Co Ltd,05227438-93e5-11eb-8859-29e7c34dee35,73.53,MATCHED
48,ARELION NORWAY AS,,64.47,UNMATCHED (Low Confidence)
49,Arelion AB,34818680-89c1-11ec-a621-3f13cdb5ccc4,74.0,MATCHED
50,ARY COMMUNICATIONS LIMITED,,63.87,UNMATCHED (Low Confidence)
51,"Ascio Technologies, Corp. Danmark - Filial af Ascio Technologies Corp. Canada",,59.92,UNMATCHED (Low Confidence)
52,ASIAINFO DENMARK ApS,,57.14,UNMATCHED (Low Confidence)
53,Atea A/S,431d0020-93e5-11eb-be5a-4f810ab55f2e,88.75,MATCHED
54,ATEA AS,c9fab753-93e4-11eb-919a-b3f9a5ad205c,100.0,MATCHED
55,Atea Sverige AB,10fa6017-93e5-11eb-aa66-9b8d95e2171b,80.38,MATCHED
56,NP Investment A/S,,65.31,UNMATCHED (Low Confidence)
57,ATREBO SL,5f774202-8528-11ec-b5ad-0d28dc61df96,76.66,MATCHED
58,AV CENTER AALBORG ApS,b011b872-93e4-11eb-b4a6-27899be4e45d,78.98,MATCHED
59,aviat networks bangladesh ltd.,65315fc3-0695-11ef-a74a-2d2c9a18d857,79.0,MATCHED
60,Aviat Networks Japan LLC,e34c0a10-93e4-11eb-90d2-e3355a7e800b,79.56,MATCHED
61,AWAN DISTRIBUTION FZC,006decd7-93e5-11eb-9937-4fab995bf8ff,80.5,MATCHED
62,Axteq ApS,79b2afc2-9ba7-11ec-81bb-a98020a63841,100.0,MATCHED
63,Az-Technology Sdn. Bhd.,eea35cb5-1206-11ec-a59d-d5061f333c7e,100.0,MATCHED
64,BAE SYSTEMS APPLIED INTELLIGENCE (INTERNATIONAL) LIMITED,3ea0da62-8ab7-11ec-ac1c-2de22eb6a532,85.49,MATCHED
65,BASICO P/S,9c00c37e-6d04-11ee-b24b-eb147ec3ebc2,100.0,MATCHED
66,"BB CONNECT CO.,LTD.",73933609-0e76-11ec-907e-a76683593b73,75.0,MATCHED
67,Bb Technology Co Ltd,6e4bcefd-115f-11ec-bd3c-8d2e345be4e0,88.75,MATCHED
68,BCD TRAVEL ASIA PACIFIC PTE. LTD.,,62.64,UNMATCHED (Low Confidence)
69,BCD N.V.,7ea57014-93e4-11eb-8ad6-7326edce8d21,86.5,MATCHED
70,BEAT A/S,c62a45a0-6cf1-11ec-bd63-974170f7dbf6,100.0,MATCHED
71,"Beijing Dynamic Power Co., Ltd",d037a93e-18b9-11f0-94fa-471c68e22274,91.35,MATCHED
72,BIGID INC.,1cdc1a43-6dce-11ec-a314-7d00415f726f,100.0,MATCHED
73,Binkies Holding B.V.,,68.29,UNMATCHED (Low Confidence)
74,BLACKWOOD SEVEN A/S,0cb674d5-93e5-11eb-aa66-9b8d95e2171b,100.0,MATCHED
75,Blom Soefeldt - Erhvervspsykologisk radgivning,1f377b2b-0c41-11ec-b09d-95ba7b1bb140,82.95,MATCHED
76,BOOST AI AS,f6ae0b86-93e4-11eb-91fb-73d498260b10,100.0,MATCHED
77,Bording Danmark A/S,2bccad80-93e5-11eb-8474-3bbe2d07207d,81.06,MATCHED
78,Braathens Regional Airways AB,6d7bab68-93e4-11eb-b4a6-27899be4e45d,94.06,MATCHED
79,BRAINCHILD COMMUNICATIONS PAKISTAN (PVT.) LIMITED,efc08410-93e4-11eb-a746-fdabd18be9c6,100.0,MATCHED
80,Brobizz A/S,f6c033f6-93e4-11eb-8859-29e7c34dee35,100.0,MATCHED
81,BUNDGAARD KOLETEKNIK. VEJLE A/S,91a6c984-27a7-11ef-ba21-2b94af863263,93.33,MATCHED
82,Bynder Holding B.V.,2a0c38dd-93e5-11eb-8474-3bbe2d07207d,77.5,MATCHED
83,C&W Services (S) Pte. Ltd.,2d5be122-0a6a-11ec-b841-af64738d2bcd,70.0,MATCHED
84,CAMPANA GROUP PTE. LTD.,73d641b5-93e4-11eb-91fb-73d498260b10,100.0,MATCHED
85,CBRE AS,9dc12706-93e4-11eb-8e19-198fb02d6f96,100.0,MATCHED
86,CBRE Teknisk Servicepartner A/S,57918a20-a8bb-11ed-9a6b-af642bb25f66,100.0,MATCHED
87,CELLUSYS LIMITED,f0e66671-93e4-11eb-b4a6-27899be4e45d,97.86,MATCHED
88,CENTERFORENINGEN FISKETORVET SHOPPING CENTER F.M.B.A.,0729a734-69ff-11ec-a83b-a57bf486820a,80.12,MATCHED
89,CETIN Hungary Zrt.,ffcc1654-120e-11ec-8f83-091abf327b82,100.0,MATCHED
90,CHINA TELECOM GLOBAL LTD,26c39d80-93e5-11eb-be5a-4f810ab55f2e,100.0,MATCHED
91,CHINA UNICOM (SINGAPORE) OPERATIONS PTE. LTD.,bd5d453c-c0b6-11ec-985b-d74077f0fb21,91.0,MATCHED
92,CHUBB GLOBAL RISK ADVISORS PTE. LTD.,4db78ad2-c000-11ec-8d01-9b40ae94c55f,100.0,MATCHED
93,CIBICOM SERVICES A/S,23947da4-93e5-11eb-a33a-a3dfba582839,100.0,MATCHED
94,CIENA LIMITED,a1ba9bc3-93e4-11eb-a736-0f5b20ecb2f1,89.62,MATCHED
95,CISCO INTERNATIONAL LIMITED,,60.87,UNMATCHED (Low Confidence)
96,CISCO NORWAY AS,9efd3f68-c418-11ef-92e8-6df27b7ad8f3,88.75,MATCHED
97,CITERO AS,14fe8332-93e5-11eb-8ad6-7326edce8d21,100.0,MATCHED
98,"CLOUDERA, INC.",def72ee7-93e4-11eb-aa66-9b8d95e2171b,100.0,MATCHED
99,Comba Technologies Sdn. Bhd.,00bc7e85-9307-11ec-9f06-a57206a728ac,85.55,MATCHED
100,COMBA TELECOM LIMITED,85816b51-93e4-11eb-a736-0f5b20ecb2f1,89.84,MATCHED
101,Comengineering Sdn. Bhd.,eb823b24-1e9c-11ee-918e-3b99085851a3,100.0,MATCHED
102,COMMSCOPE SOLUTIONS SINGAPORE PTE. LTD.,02bc49a3-93e5-11eb-b89f-536884b3e7dd,81.08,MATCHED
103,CommScope Technologies AG,ff338e8e-b929-11ed-89f1-bd62b3e1c745,76.49,MATCHED
104,COMMSCOPE TECHNOLOGIES LLC,0094d3b3-1b06-11ec-8d54-8181ab1eaaa9,81.13,MATCHED
105,COMVIVA TECHNOLOGIES LIMITED,8913e0f5-93e4-11eb-91fb-73d498260b10,100.0,MATCHED
106,CONSCIA DANMARK A/S,33c93c45-a7e0-11ef-af89-216a077ca7fb,75.62,MATCHED
107,CONTROL RISKS GROUP LIMITED,be890a78-9d75-11ed-816c-8fdd7f384ea6,91.38,MATCHED
108,CORPORATE COMMUNICATIONS AS,e48e4e11-93e4-11eb-919a-b3f9a5ad205c,100.0,MATCHED
109,"COUPA SOFTWARE, INC.",f62860c0-93e4-11eb-8e19-198fb02d6f96,100.0,MATCHED
110,"COURSERA, INC.",7e044e20-93e4-11eb-8474-3bbe2d07207d,100.0,MATCHED
111,CRAYON A/S,b9ebf60e-f3c1-11ed-afbd-cd002aee0352,77.29,MATCHED
112,CRAYON AS,a8683402-93e4-11eb-919a-b3f9a5ad205c,100.0,MATCHED
113,CRAYON PTE. LTD.,1ca53f3b-1551-11ee-b700-f59c8be33a8a,86.76,MATCHED
114,"CROWDSTRIKE SERVICES, INC.",01be7de3-0c24-11ec-aa7c-a3d935d57c91,87.14,MATCHED
115,Searcher ApS,c7c58151-43ae-11ef-b5d2-e5c02fb4c089,92.2,MATCHED
116,"CUSHMAN & WAKEFIELD SERVICES (THAILAND) CO., LTD.",e8e82741-5871-11ec-b633-39790144a985,100.0,MATCHED
117,DADES Center Ost ApS,1e999e70-93e5-11eb-91fb-73d498260b10,83.8,MATCHED
118,BONNIER BUSINESS PRESS A/S,d73874c7-93e4-11eb-a736-0f5b20ecb2f1,72.03,MATCHED
119,DAILY JURRAT,afbca972-26df-11ef-b361-c186349e3efa,73.0,MATCHED
120,Dansk Kredit Rad,070edae0-93e5-11eb-b4a6-27899be4e45d,76.39,MATCHED
121,DANSK SUNDHEDSSIKRING KOMPLEMENTARSELSKAB ApS,1f89f1e3-93e5-11eb-b5f6-816dd10ac7b0,86.36,MATCHED
122,DANSKE BANK A/S,c6eb5470-93e4-11eb-9937-4fab995bf8ff,100.0,MATCHED
123,Dantec Nordics ApS,fdd5fee0-9bc7-11ec-abde-87ab8965fdf7,100.0,MATCHED
124,DEAS A/S,08e9dc7d-93e5-11eb-919a-b3f9a5ad205c,95.0,MATCHED
125,DEKO-STYLE V/ANJA GRONNE,2840eeb8-93e5-11eb-8859-29e7c34dee35,82.32,MATCHED
126,DELFI TECHNOLOGIES A/S,8647efa3-93e4-11eb-90d2-e3355a7e800b,95.5,MATCHED
127,DELL AS,beddde1c-93e4-11eb-8859-29e7c34dee35,100.0,MATCHED
128,Dell Corporation (Thailand) Co Ltd,,69.17,UNMATCHED (Low Confidence)
129,DELL PRODUCTS,db126bb1-6d0e-11ec-bd4d-65aaf75c66b8,83.8,MATCHED
130,DELOITTE ADVOKATFIRMA AS,b656cae1-93e4-11eb-8ad6-7326edce8d21,77.98,MATCHED
131,DELOITTE AS,b69603af-1aff-11ec-bc98-195cbdc2446a,87.73,MATCHED
132,Deloitte Consulting (Sea) Sdn. Bhd.,4d8576a2-14c1-11ee-98f2-2b13cee7793d,93.82,MATCHED
133,DELOITTE STATSAUTORISERET REVISIONSPARTNERSELSKAB,b14fddd0-93e4-11eb-b89f-536884b3e7dd,92.11,MATCHED
134,"DELTA EJENDOM, AALBORG A/S",,67.78,UNMATCHED (Low Confidence)
135,ELTEK AS,169a31db-93e5-11eb-919a-b3f9a5ad205c,100.0,MATCHED
136,DELTA ELECTRONICS INT'L (SINGAPORE) PTE. LTD.,70923a3d-93e4-11eb-a33a-a3dfba582839,89.29,MATCHED
137,DHL EXPRESS (SINGAPORE) PTE. LTD.,2d504056-93e5-11eb-9937-4fab995bf8ff,82.58,MATCHED
138,DIAL ZERO (PRIVATE) LIMITED,9d28dea3-93e4-11eb-86dd-ffbd1b53140e,89.09,MATCHED
139,Nets Denmark A/S,1821bc30-93e5-11eb-a746-fdabd18be9c6,100.0,MATCHED
140,DIGI TELECOMMUNICATIONS SDN BHD,c2b35013-93e4-11eb-b997-8dd98d09cf25,100.0,MATCHED
142,DK HOSTMASTER A/S,2015b020-725d-11ec-8323-2bafca655da8,73.0,MATCHED
143,DNA OYJ,880cd138-93e4-11eb-9937-4fab995bf8ff,100.0,MATCHED
144,DNB Bank Karl Johan,6c480d67-93e4-11eb-97db-273ba5953680,86.94,MATCHED
145,"DET NORSKE VERITAS, BUSINESS ASSURANCE, DANMARK A/S",,60.34,UNMATCHED (Low Confidence)
146,Dtac Trinet Co Ltd,5ed6dfd6-205c-11ee-8d01-ef4abbbd90e4,71.3,MATCHED
147,DUBEX A/S,18777d50-93e5-11eb-be3a-7f925cb94351,100.0,MATCHED
148,DXC TECHNOLOGY NORGE AS,d3ccacb0-a3ce-11ed-b93a-8509659c73d1,74.84,MATCHED
149,DXC Technology Sverige AB,f19d20b5-250a-11ec-b70f-ed0ff919fa1a,89.0,MATCHED
150,Dynamic-Telecommunication Sdn. Bhd.,6fef3cc3-499f-11ee-955d-cffc14e1ac7f,82.31,MATCHED
151,EASTCOMPEACE (SINGAPORE) PTE. LTD.,6cc2cc31-a630-11ed-9a26-bbb8582c677b,100.0,MATCHED
152,EASTCOMPEACE SMART CARD (BANGLADESH) LIMITED,203f5ad6-b918-11ed-bc6c-cde58c4dffa0,100.0,MATCHED
153,"Eastcompeace Technology Co.,Ltd",d3e5dfe4-123f-11ec-b7b8-257f68cd18d4,100.0,MATCHED
154,Ecapacity A/S,2a2e9a98-1200-11ec-b96f-e38fcfed8310,100.0,MATCHED
156,ECI MEDIA MANAGEMENT AB,2b50edd1-93e5-11eb-a746-fdabd18be9c6,100.0,MATCHED
157,Edotco Group Sdn. Bhd.,c01a55bf-93e4-11eb-9937-4fab995bf8ff,75.71,MATCHED
158,EDOTCO TOWERS PAKISTAN (PRIVATE) LIMITED,00585f10-03dd-11ec-88c1-8d1ee037d45b,79.75,MATCHED
159,Egencia Denmark A/S,386ddce7-93e5-11eb-b4a6-27899be4e45d,76.43,MATCHED
160,EGENCIA LLC,3198bf61-93e5-11eb-8e19-198fb02d6f96,87.5,MATCHED
161,EGENCIA NORWAY AS,,65.13,UNMATCHED (Low Confidence)
162,Egencia Sweden AB,,63.73,UNMATCHED (Low Confidence)
163,Egeneration Limited,605bddb0-e825-11ec-a6bd-83a5ad8c989e,100.0,MATCHED
164,ELGIGANTEN GROSSIST A/S,a2262c10-f5c0-11ed-bf28-41d352466f20,75.28,MATCHED
165,ELTEL NETWORKS CONNECT A/S,f2d78814-93e4-11eb-8859-29e7c34dee35,86.5,MATCHED
166,Energy Cool ApS,ab422f07-93e4-11eb-86dd-ffbd1b53140e,100.0,MATCHED
167,ENETEK POWER SPOLKA Z OGRANICZONA ODPOWIEDZIALNOSCIA,,59.34,UNMATCHED (Low Confidence)
168,ENERGI HOBRO TELE A/S,b6dc75a2-93e4-11eb-aa66-9b8d95e2171b,85.79,MATCHED
169,Enreach Campaigns A/S,,58.33,UNMATCHED (Low Confidence)
170,Ericsson (Malaysia) Sdn. Bhd.,869f6933-e6fe-11ee-a4cc-db6ddf3d40c6,73.6,MATCHED
171,Ericsson (Thailand) Limited,d2916f52-250a-11ec-8093-db09f614eb78,100.0,MATCHED
172,ERICSSON AB,334cae31-0bcc-11ec-a040-cbff7458f722,100.0,MATCHED
173,ERICSSON AS,ff083300-a7b5-11ed-bec3-afeedabcf530,73.75,MATCHED
174,ERICSSON DANMARK A/S,,63.63,UNMATCHED (Low Confidence)
175,ERNST & YOUNG LLP,,59.45,UNMATCHED (Low Confidence)
176,EY Godkendt Revisionspartnerselskab,f977dde5-f3a1-11ed-b737-7b786e8fdbf4,86.46,MATCHED
177,ERP DENMARK ApS,33a00afc-f81d-11ed-8ed0-97e170af3960,79.75,MATCHED
178,Estel Technologies Private Limited,e87217f9-93e4-11eb-8ad6-7326edce8d21,79.6,MATCHED
179,EUTELSAT S.A.,328c2081-25e7-11ec-a051-939956ac8241,91.0,MATCHED
180,Ework Group AB (Publ),8674cc02-93e4-11eb-be5a-4f810ab55f2e,84.17,MATCHED
181,EWORK NORDIC ApS,c2b5c128-93e4-11eb-8ad6-7326edce8d21,75.57,MATCHED
182,EWORK GROUP NORWAY AS,ef614d16-93e4-11eb-aa66-9b8d95e2171b,78.48,MATCHED
183,EXFO Ltd.,3034bc10-74ad-11ed-9364-a958028bfff1,77.5,MATCHED
184,EXIDE TECHNOLOGIES AS,2253d9c0-1ea3-11ee-b65c-eb6aa2a5b79c,84.14,MATCHED
185,EXPRESS PUBLICATIONS (PVT.) LIMITED,14903104-93e5-11eb-90d2-e3355a7e800b,84.25,MATCHED
186,Extenda Retail AS Avd Oslo,5890bff3-112b-11ec-b06c-d1fadf322ad0,89.05,MATCHED
187,F5 NETWORKS LIMITED,7657825a-70c8-11ed-b7c2-39c75d5cc1e9,80.22,MATCHED
188,FACEBOOK IRELAND LIMITED,7a9a4229-6822-11ed-8d4e-114c607a2511,81.06,MATCHED
189,Falck Danmark A/S,e9312230-93e4-11eb-86dd-ffbd1b53140e,90.45,MATCHED
190,Fastbridge Malaysia Sdn Bhd,4bd4a421-725b-11ec-a37c-11c248193b5d,75.57,MATCHED
191,Favro Holding AB,ff5c55c1-93e4-11eb-aa66-9b8d95e2171b,80.0,MATCHED
192,Fiberail Sdn. Bhd.,cfbf9d41-93e4-11eb-a736-0f5b20ecb2f1,81.68,MATCHED
193,Fibrecomm Network (M) Sdn. Bhd.,aade3d11-93e4-11eb-919a-b3f9a5ad205c,100.0,MATCHED
194,DANSK HALON TEKNIK ApS,149e2513-aac5-11ef-8555-0dd834e09bbc,74.56,MATCHED
195,FORM DANMARK ApS,44240fe3-93e5-11eb-919a-b3f9a5ad205c,91.52,MATCHED
196,SYKES ENTERPRISES NORWAY AS,33003ea0-93e5-11eb-b5f6-816dd10ac7b0,70.75,MATCHED
197,GARTNER ADVISORY (SINGAPORE) PTE LTD,4b912e03-2d51-11ed-9dca-a136f2c2d761,87.59,MATCHED
198,GARTNER NORGE AS,21d91ebf-1b00-11ec-a8e8-f10d0988514b,100.0,MATCHED
199,GBT TRAVEL SERVICES UK LIMITED,85de0a40-93e4-11eb-90d2-e3355a7e800b,79.09,MATCHED
200,Genex Infosys Limited,ce7a4c04-93e4-11eb-90d2-e3355a7e800b,100.0,MATCHED
201,GEO ENTERTAINMENT TELEVISION (PVT.) LIMITED,fce143ad-93e4-11eb-86dd-ffbd1b53140e,89.0,MATCHED
202,GINTEL AS,404994d0-93e5-11eb-8474-3bbe2d07207d,100.0,MATCHED
203,GLOBALCONNECT A/S,d9a64075-93e4-11eb-9937-4fab995bf8ff,72.5,MATCHED
204,Glory Fashions Ltd.,fe92eb43-93e4-11eb-9937-4fab995bf8ff,85.0,MATCHED
205,Goecker Service A/S,eb6bf704-93e4-11eb-97db-273ba5953680,88.0,MATCHED
206,GOGIFT.COM A/S,b8ca3bec-93e4-11eb-9937-4fab995bf8ff,92.5,MATCHED
207,Google Asia Pacific Pte. Ltd.,1d514729-01ae-11ef-ba8c-a5c322c4d97c,75.17,MATCHED
208,Google Cloud EMEA Limited,9b99eb38-8535-11ed-b736-cdd032151ab1,100.0,MATCHED
209,GOOGLE COMMERCE LIMITED,be55a775-c4b2-11ec-af9f-718ab7b26330,100.0,MATCHED
210,GOOGLE IRELAND LIMITED,c9226d45-aa22-11ed-bb93-cd216f6acc3c,89.05,MATCHED
211,GRAMEENPHONE LTD,0e257043-dc98-11ef-b8b0-a1dc081da81f,89.84,MATCHED
212,Grassfish Denmark ApS,03ae71d3-93e5-11eb-aa66-9b8d95e2171b,75.49,MATCHED
213,Green Packet Berhad,ba0505da-93e4-11eb-97db-273ba5953680,100.0,MATCHED
214,GreenMind A/S,205a2882-092a-11ee-b84c-9b2922821bc8,78.56,MATCHED
215,grey advertising ( bangladesh) ltd.,fd557720-5982-11ec-a195-fb7c9849e658,100.0,MATCHED
216,GSM ASSOCIATION,b1eae542-93e4-11eb-aa66-9b8d95e2171b,88.33,MATCHED
217,"HARBIN COSLIGHT NEW ENERGY CO., LTD.",4214b8bf-1d88-11ef-a07a-c90c75a354c8,71.22,MATCHED
218,HE SIKRING A/S,,69.25,UNMATCHED (Low Confidence)
219,HELP Forsakring filial,8dbea451-93e4-11eb-a33a-a3dfba582839,86.62,MATCHED
220,HELP FORSIKRING AS,a90e10f4-93e4-11eb-be5a-4f810ab55f2e,100.0,MATCHED
221,"HELP FORSIKRING,FILIAL AF HELP FORSIKRING AS, NORGE",bb79f296-93e4-11eb-86dd-ffbd1b53140e,80.71,MATCHED
222,HERM. RASMUSSEN A/S,8de2ce1b-93e4-11eb-a33a-a3dfba582839,93.71,MATCHED
223,HEST AGENTUR AS,19b24740-93e5-11eb-aa66-9b8d95e2171b,100.0,MATCHED
224,HETEK A/S,6cf9d142-93e4-11eb-8859-29e7c34dee35,100.0,MATCHED
225,Hewlett-Packard (M) Sdn Bhd,c4a8edac-a10f-11ed-8865-3b27972b8eff,85.0,MATCHED
226,Hewlett-Packard (Thailand) Ltd.,b4aa7732-5f7b-11ed-9ad1-5ba8e7935b78,85.0,MATCHED
227,HEWLETT-PACKARD ApS,571d319b-1e68-11ee-8977-f9df9a4bf47f,80.14,MATCHED
228,HEWLETT-PACKARD NORGE AS,00bb2912-918f-11ed-b02c-eb054ee9ca4a,73.0,MATCHED
229,"Hewlett Packard Singapore (Sales) Pte., Ltd.",d3c03269-e0ca-11ee-af37-875b13c328d9,72.26,MATCHED
230,HEWLETT-PACKARD SVERIGE AB,4676a351-f930-11ed-b4e8-cf8e051b3eab,100.0,MATCHED
231,"HIGH TOUCH, INC.",d778d926-93e4-11eb-be5a-4f810ab55f2e,84.03,MATCHED
232,HOLDSPORT.DK ApS,acbf3216-93e4-11eb-a746-fdabd18be9c6,93.57,MATCHED
233,HOPPECKE BATTERIEN GMBH & CO. KG,4d284b47-0afe-11ec-b45f-7fdf93e89edf,100.0,MATCHED
234,HP INC (THAILAND) COMPANY LIMITED,f6162cf3-5a2d-11ed-be40-7d734d234848,82.6,MATCHED
235,HP INC DANMARK ApS,e861f812-cf3e-11ed-a9e6-41f52173ea03,95.5,MATCHED
236,HP NORGE AS,6fb6df80-918f-11ed-9198-5108792e5842,100.0,MATCHED
237,Hp Pps Sales Sdn. Bhd.,d5c3fb2e-a8c9-11ef-9c3c-1f32e3c7982a,100.0,MATCHED
238,HP PPS SINGAPORE (SALES) PTE. LTD.,28cb5283-f474-11ec-9207-43fec1f49158,77.29,MATCHED
239,HUAWEI INTERNATIONAL PTE. LTD.,81727301-2350-11ec-be87-a3acfe0d4893,100.0,MATCHED
240,Huawei Technologies (Bangladesh) Limited.,b51941d7-93e4-11eb-a746-fdabd18be9c6,100.0,MATCHED
241,HUAWEI TECHNOLOGIES (DENMARK) ApS,47d1fe26-4a46-11ef-a31d-a303c6a91d6a,85.73,MATCHED
242,Huawei Technologies (Malaysia) Sdn. Bhd.,3e229adb-f5be-11ed-9659-9b00f4ea9e93,88.43,MATCHED
243,"HUAWEI TECHNOLOGIES (THAILAND) CO., LTD.",8a15fed6-1b00-11ec-9b25-637f12b6c164,84.38,MATCHED
244,HUAWEI TECHNOLOGIES NORWAY AS,fea798e2-1afc-11ec-9308-05476ec24aab,100.0,MATCHED
245,HUAWEI TECHNOLOGIES PAKISTAN (PRIVATE) LIMITED,ca2f9ba8-8aa4-11ec-9066-739984ffef59,86.4,MATCHED
246,Huawei Technologies Sweden AB,d15378e1-04d0-11ec-a6a3-7d13d87fe979,100.0,MATCHED
247,HUBER+SUHNER A/S,7d5aecb0-1b05-11ec-88d5-df9161de908b,87.31,MATCHED
248,Huber+Suhner AG,0ac24602-93e5-11eb-8474-3bbe2d07207d,100.0,MATCHED
249,HUBER+SUHNER ELECTRONICS PRIVATE LIMITED,,64.62,UNMATCHED (Low Confidence)
250,Hum Network Limited,395074a2-93e5-11eb-a746-fdabd18be9c6,75.56,MATCHED
251,Human Edge Management AG,14161f0e-93e5-11eb-97db-273ba5953680,100.0,MATCHED
252,Hydro Energi AS,f035adb0-d13e-11ec-a4fa-c3f40e4b757a,75.45,MATCHED
253,IBM DANMARK A/S,0131b200-93e5-11eb-a736-0f5b20ecb2f1,89.84,MATCHED
254,Idemia France SAS,33e93227-8a9a-11ec-8f0a-eb02b2415b08,100.0,MATCHED
255,OBERTHUR TECHNOLOGIES NORWAY AS,,63.07,UNMATCHED (Low Confidence)
256,"IKANO BANK, FILIAL AF IKANO BANK AB (PUBL), SVERIGE",16d6c5a0-93e5-11eb-90d2-e3355a7e800b,76.77,MATCHED
257,Imi Mobile Vas Limited,5c604c8f-003e-11ec-bc8f-fb23a8912032,81.25,MATCHED
258,IMIMOBILE EUROPE LIMITED,25bf4898-a69a-11ec-9108-57519746fb39,100.0,MATCHED
259,INDEPENDENT MEDIA CORPORATION (PRIVATE) LIMITED.,01004641-1dd8-11ef-9268-316fc8e174dd,73.53,MATCHED
260,INFINERA CORPORATION,3eb2bbab-17c0-11f0-af94-ddfd1c46b53d,100.0,MATCHED
261,INFOMEDIA A/S,fa89bf14-93e4-11eb-9937-4fab995bf8ff,94.13,MATCHED
262,INFOSYS LIMITED,dcc5e190-22df-11ec-817c-6169a8cec47d,93.57,MATCHED
263,Ingram Micro Mobility Sweden AB,23bb110e-49a8-11ef-b831-79711486170a,78.68,MATCHED
264,inlumi ApS,9fdc17ce-93e4-11eb-8ad6-7326edce8d21,76.29,MATCHED
265,INSIDER SECURITY PTE. LTD.,b99023f2-93e4-11eb-a33a-a3dfba582839,75.71,MATCHED
266,INTEGRITY RISK INTERNATIONAL LLC,99015501-93e4-11eb-b4a6-27899be4e45d,100.0,MATCHED
267,Intouch Insight Inc.,886a8187-93e4-11eb-b4a6-27899be4e45d,100.0,MATCHED
268,Intrum Debt Finance AG,,57.68,UNMATCHED (Low Confidence)
269,ADVIS A/S,,23.75,UNMATCHED (Low Confidence)
270,IPG MEDIABRANDS (SINGAPORE) PTE. LTD.,920e2840-93e4-11eb-9937-4fab995bf8ff,88.75,MATCHED
271,Ipsos Sdn. Bhd.,dff13de7-1afd-11ec-a31a-a7a88bbb321b,100.0,MATCHED
272,ISS Facility Services A/S,52dd79a7-64a6-11ee-8ba4-c1d00e9cebfd,96.09,MATCHED
273,ISS FACILITY SERVICES AB,4cf5285b-27d1-11ef-bd6f-218060e3190a,100.0,MATCHED
274,ISS FACILITY SERVICES AS,b6933ece-a507-11ec-aceb-79f5b854cd8b,94.38,MATCHED
275,ISS GLOBAL A/S,c2b80b00-93e4-11eb-a33a-a3dfba582839,71.11,MATCHED
276,ITECTRA A/S,6d50f1e1-93e4-11eb-b4a6-27899be4e45d,92.78,MATCHED
277,JACK OF DIGITAL (PRIVATE) LIMITED,aceeb54f-027f-11ec-adbd-5ff720d6d289,85.0,MATCHED
278,AEON DANMARK A/S,3b4ba864-93e5-11eb-b5f6-816dd10ac7b0,79.0,MATCHED
279,Jastel Network Co Ltd,7f176bc0-93e4-11eb-a746-fdabd18be9c6,81.11,MATCHED
280,JLL Corporate Solutions AB,117f0e3f-9c88-11ef-8bab-03376d671938,100.0,MATCHED
281,JOB-INDEX A/S,95040fb3-93e4-11eb-9937-4fab995bf8ff,87.4,MATCHED
282,JOBSTREET.COM PTE LTD,,65.98,UNMATCHED (Low Confidence)
283,JOHNSON CONTROLS DENMARK APS,b9a72e67-93e4-11eb-8474-3bbe2d07207d,92.2,MATCHED
284,JONES LANG LASALLE PROPERTY CONSULTANTS PTE LTD,a0c7c82f-a62d-11ed-b2cd-53de41d2c5f2,90.62,MATCHED
285,Kahoot! Denmark ApS,,17.79,UNMATCHED (Low Confidence)
286,KAMTOWER DANMARK A/S,2412ae54-93e5-11eb-919a-b3f9a5ad205c,71.88,MATCHED
287,KANTAR TNS AS,0013bee4-93e5-11eb-b89f-536884b3e7dd,100.0,MATCHED
288,"Kaon Broadband Co.,Ltd.",39d1a58b-0586-11ec-ad6d-99fb67e6c4ba,100.0,MATCHED
289,KERRY FREIGHT PAKISTAN (PRIVATE) LIMITED,da7ed6a5-fb93-11ee-aa89-23a399016fc1,100.0,MATCHED
290,Kerry Logistics Network Limited,d06cf44c-93e4-11eb-a33a-a3dfba582839,73.46,MATCHED
291,KINLY HOLDING AS,,53.6,UNMATCHED (Low Confidence)
292,KINNARPS A/S,b0eab351-93e4-11eb-be5a-4f810ab55f2e,86.5,MATCHED
293,KLM-ROYAL DUTCH AIRLINES Filial av utenlandsk foretak.,db8d8f95-f669-11ed-a149-9b392686bc00,93.57,MATCHED
294,KM TELECOM DANMARK A/S,483419e2-93e5-11eb-8474-3bbe2d07207d,100.0,MATCHED
295,KMD Venture A/S,04664e62-f73e-11ed-828d-457da4dc0427,73.88,MATCHED
296,KODA,,68.5,UNMATCHED (Low Confidence)
297,KOLEGRUPPEN OST ApS,48005fb1-93e5-11eb-8474-3bbe2d07207d,73.33,MATCHED
298,KOMMANDITAKTIESELSKABET FREDERIKSSUND SHOPPINGCENTER,,59.42,UNMATCHED (Low Confidence)
299,KORN FERRY (UK) LIMITED,2a5d0b59-1b05-11ec-8de4-3bb83042adac,94.13,MATCHED
300,Kpmg AS Hovedkontor,,52.98,UNMATCHED (Low Confidence)
301,KROLL ASSOCIATES U.K. LIMITED,52c95451-18ff-11f0-b726-e3ae0b5c2c98,76.43,MATCHED
302,Kromann Reumert,76c8a6a0-93e4-11eb-b89f-536884b3e7dd,100.0,MATCHED
303,LOXYSOFT AS,,66.74,UNMATCHED (Low Confidence)
304,LEASE PLAN FINANS A/S,,69.06,UNMATCHED (Low Confidence)
305,LeasePlan Sverige AB,fb1700e9-1b5d-11ec-9e2d-97948a03f19d,86.15,MATCHED
306,LEOCH BATTERY PTE. LTD.,9b2222a0-9c13-11ec-a427-3716f54dd1e5,94.6,MATCHED
307,LINKEDIN IRELAND UNLIMITED COMPANY,,65.42,UNMATCHED (Low Confidence)
308,LINKEDIN SINGAPORE PTE. LTD.,66e03d76-665d-11ee-817f-01351e557207,83.71,MATCHED
309,L.M. Ericsson Bangladesh Ltd.,8fc467df-1b06-11ec-a68d-499e0c2c3a34,99.0,MATCHED
310,SCANOPTIK A/S,046f9ef0-93e5-11eb-86dd-ffbd1b53140e,71.36,MATCHED
311,LOYALTY AS,3700913b-93e5-11eb-a746-fdabd18be9c6,85.0,MATCHED
312,MAKIO ApS,b43ac8b9-93e4-11eb-a746-fdabd18be9c6,94.09,MATCHED
313,Manpower Student AB,d5937753-93e4-11eb-9937-4fab995bf8ff,87.5,MATCHED
314,MANPOWER AS,753387b2-93e4-11eb-aa66-9b8d95e2171b,100.0,MATCHED
315,Mapspeople A/S,9e655640-93e4-11eb-a736-0f5b20ecb2f1,100.0,MATCHED
316,MARKEDSSJEFENE AS,49eaca92-93e5-11eb-a33a-a3dfba582839,100.0,MATCHED
317,JLT Denmark A/S,,62.2,UNMATCHED (Low Confidence)
318,MARSH & MCLENNAN AGENCIES AS,63ea2430-5fcb-11ef-9b11-450fca89297e,75.57,MATCHED
319,Maven Wireless Sweden AB,86550f01-93e4-11eb-97db-273ba5953680,100.0,MATCHED
320,MAVENIR SYSTEMS AB,8a8769f3-f8b6-11ed-9214-3d96876bd85b,82.24,MATCHED
321,MAVENIR SYSTEMS LIMITED,7f4f92c2-93e4-11eb-a736-0f5b20ecb2f1,88.53,MATCHED
323,Measat Satellite Systems Sdn. Bhd.,1fb93f4c-93e5-11eb-a736-0f5b20ecb2f1,89.0,MATCHED
324,Media Times Limited,37de0385-e6d6-11ed-8bb1-3d6aecbca671,93.57,MATCHED
325,MEISEL EIENDOM AS,390b073a-93e5-11eb-97db-273ba5953680,70.52,MATCHED
326,META PLATFORMS IRELAND LIMITED,0ba4418d-93e5-11eb-91fb-73d498260b10,90.0,MATCHED
327,MICROSOFT IRELAND OPERATIONS LIMITED,146bd77c-4d69-11ed-b869-0b9c3de59569,90.68,MATCHED
328,MICROSOFT NORGE AS,4c721116-1afb-11ec-8511-032f81df2a60,92.74,MATCHED
329,MICROSOFT REGIONAL SALES PTE. LTD.,bbfc7c57-a379-11ed-8bd9-e537e5b659ad,75.56,MATCHED
330,ABC KANTINEAUTOMATER ApS,,61.92,UNMATCHED (Low Confidence)
331,NW GRUPPEN A/S,aa736d53-93e4-11eb-be3a-7f925cb94351,73.0,MATCHED
332,"MIXPANEL, INC.",740de470-cf7a-11ec-8f8e-bde829059b5f,100.0,MATCHED
333,MNEMONIC AS,b86d48c0-b500-11ec-92c5-7f4ee7009bc8,100.0,MATCHED
334,MobilePeople ApS,a112cce1-0fd4-11ec-bad9-ebcc1813e8d3,92.2,MATCHED
335,"MOBILEUM, INC.",06e7cc3b-aec8-11ed-917a-a9ac0bf7643e,100.0,MATCHED
336,MODULEX DANMARK A/S,40e47543-93e5-11eb-8ad6-7326edce8d21,92.06,MATCHED
337,Monday. Kum Ltd.,0c78cf9d-93e5-11eb-86dd-ffbd1b53140e,88.75,MATCHED
338,Mustika Teratai Sdn. Bhd.,b67a2282-e926-11ed-bb20-d929ca7b3418,100.0,MATCHED
339,NAGARRO AS,,63.44,UNMATCHED (Low Confidence)
340,NAGARRO ENTERPRISE SERVICES PRIVATE LIMITED,,59.29,UNMATCHED (Low Confidence)
341,NEC CORPORATION,c43c3a03-93e4-11eb-8e19-198fb02d6f96,100.0,MATCHED
342,NEC CORPORATION OF MALAYSIA SDN. BHD.,24db63d1-8aa4-11ec-9150-8d453a1e7910,100.0,MATCHED
343,NEC Scandinavia Aktiebolag,016a7543-93e5-11eb-919a-b3f9a5ad205c,82.94,MATCHED
344,NEMTILMELD.DK ApS,0cf1a919-93e5-11eb-86dd-ffbd1b53140e,94.13,MATCHED
345,Nepa AB,b1c3fc50-93e4-11eb-a736-0f5b20ecb2f1,100.0,MATCHED
346,NERAS DIREKTE AS,a19f2484-93e4-11eb-b4a6-27899be4e45d,79.38,MATCHED
347,Nestor Cables Oy,83ad4797-93e4-11eb-97db-273ba5953680,100.0,MATCHED
348,NET ONE ASIA PTE. LTD.,36898c82-93e5-11eb-97db-273ba5953680,100.0,MATCHED
349,NETIC A/S,3e619af8-93e5-11eb-8859-29e7c34dee35,100.0,MATCHED
351,New Skies Satellites B.V.,1238cd68-9cd4-11ef-b56b-31d2bc338e4f,85.0,MATCHED
352,NEWS PUBLICATIONS (PRIVATE) LIMITED,98bdcc4e-0ece-11ec-8f6e-c368f4fbdb63,70.72,MATCHED
353,NEXCOM A/S,4e2b08a3-a477-11ed-8bb2-9375f2c4b1be,94.47,MATCHED
354,NOITSO A/S,0bc250d0-93e5-11eb-b5f6-816dd10ac7b0,86.58,MATCHED
355,Nokia Innovations Oy,3d547a04-72bb-11ec-b5ce-b3bda5adefa4,87.73,MATCHED
356,NOKIA SERVICES AND NETWORKS MALAYSIA SDN. BHD.,74601f29-1afc-11ec-aa0f-ab42aaaa4d70,85.94,MATCHED
357,NOKIA SOLUTIONS AND NETWORKS NORGE AS,5c494e9a-1b04-11ec-b160-7721fd8862eb,73.43,MATCHED
358,Nokia Solutions and Networks Oy,1d0e5cd1-0a98-11ec-bfa5-67a4bc68de73,100.0,MATCHED
359,"NORDEA BANK ABP, FILIAL I NORGE",3cdcf6c0-93e5-11eb-919a-b3f9a5ad205c,87.55,MATCHED
360,NORDIC COMPUTER A/S,affc63f0-0394-11ed-9b1b-6d2c9309a5b2,100.0,MATCHED
361,NORDIX DATA AS,8449aea3-93e4-11eb-86dd-ffbd1b53140e,100.0,MATCHED
362,DMA Research A/S,,65.8,UNMATCHED (Low Confidence)
363,NORWEGIAN AIR SHUTTLE AS (PS),d3abb197-0550-11ec-a49b-69a31ce8af0d,74.62,MATCHED
364,NOVATARIS A/S,1da9722c-93e5-11eb-86dd-ffbd1b53140e,100.0,MATCHED
365,Ntt (Thailand) Ltd,5212c34c-f8af-11ed-b2ae-8f7420b1f92e,77.24,MATCHED
366,NTT ASIA PACIFIC HOLDINGS PTE. LIMITED,04ffa9f7-93e5-11eb-8ad6-7326edce8d21,75.66,MATCHED
367,NTT DATA Business Solutions Korlatolt Felelossegu Tarsasag,44dda433-8ac1-11ec-b892-9b33177d601b,84.03,MATCHED
368,ITELLIGENCE A/S,,34.04,UNMATCHED (Low Confidence)
369,Ntt Malaysia Solutions Sdn. Bhd.,949c9b55-93e4-11eb-8474-3bbe2d07207d,77.01,MATCHED
370,Ntt Msc Sdn. Bhd.,f54e7c57-09a8-11ec-b107-7d1f4b2cae2a,82.59,MATCHED
371,OCH A/S,a25c4651-1e9d-11ef-8493-1bd9c889e9e7,92.06,MATCHED
372,OK A.M.B.A.,d9669f7b-93e4-11eb-91fb-73d498260b10,77.9,MATCHED
373,Omd (M) Sdn. Bhd.,,49.05,UNMATCHED (Low Confidence)
374,OMD AS,c7578028-8aa5-11ec-8962-8b4db591a2d2,75.77,MATCHED
375,Media Direction A/S,ac63db81-72e7-11ec-8200-bfd1296681fb,82.69,MATCHED
376,OMEGA EXIM LIMITED,1e65962d-93e5-11eb-b5f6-816dd10ac7b0,91.52,MATCHED
377,OMNICOM MEDIA GROUP AS,56287c74-2509-11ec-bde8-71cf682bd51e,100.0,MATCHED
378,OMNICOM MEDIA GROUP ASIA PACIFIC PTE. LTD.,c1a538ea-8a9a-11ec-a4f2-5511448670fd,85.0,MATCHED
379,ON THE SPOT A/S,50a6dd3e-c175-11ec-8c4a-c37e31e9be9e,93.08,MATCHED
380,ONETRUST TECHNOLOGY LIMITED,16e25e63-93e5-11eb-b5f6-816dd10ac7b0,88.75,MATCHED
381,Oracle Corporation (Thailand) Co Ltd,28c323bf-1b00-11ec-8cde-5bc5ac073f72,98.78,MATCHED
382,Oracle Corporation Malaysia Sdn. Bhd.,cd9b9c12-1b00-11ec-aa6a-03cd9b476476,80.71,MATCHED
383,ORACLE DANMARK APS,870eb57e-1b04-11ec-98ad-4b5172a2ed18,100.0,MATCHED
384,ORACLE NORGE AS,147df165-1b04-11ec-9b02-8dfd4ec6ef01,100.0,MATCHED
385,ORACLE SVENSKA AB,9618c304-6ce1-11ed-809b-653634c631b4,85.0,MATCHED
386,Orbis Oy,80ea7e12-93e4-11eb-be3a-7f925cb94351,100.0,MATCHED
387,OROGENIC ApS,da01a6ec-93e4-11eb-b4a6-27899be4e45d,100.0,MATCHED
388,"ORRICK, HERRINGTON & SUTCLIFFE (UK) LLP",14907f20-93e5-11eb-a736-0f5b20ecb2f1,78.61,MATCHED
389,P1 SECURITY,cd85b2eb-93e4-11eb-b5f6-816dd10ac7b0,100.0,MATCHED
390,"Paco Casa Co.,Ltd.",6dd0de70-a7a9-11ed-b250-d1c44dcd1aef,91.0,MATCHED
391,PAKISTAN INSTITUTE OF NUCLEAR SCIENCE & TECHNOLOGY (PINSTECH),09d8b5fe-ecdb-11ee-96d4-63842c7d9e5f,96.14,MATCHED
392,PARENT AND FAMILY CONSULTING LIMITED,10dd8776-724b-11ec-9e45-ddda6fbc521a,100.0,MATCHED
393,PELATRO LIMITED,b398bc50-93e4-11eb-be3a-7f925cb94351,76.29,MATCHED
394,Varsta Software,,62.17,UNMATCHED (Low Confidence)
395,PING IT A/S,424a94f5-93e5-11eb-8474-3bbe2d07207d,76.1,MATCHED
396,Playable ApS,fbe50634-036a-11ec-a72b-432edcbee847,100.0,MATCHED
397,PLESNER Advokatpartnerselskab,7c54f062-93e4-11eb-b5f6-816dd10ac7b0,100.0,MATCHED
398,PLP INVEST/EJENDOMME A/S,602ace8c-0c5e-11ec-b66a-97ea7481e556,94.0,MATCHED
399,"PLURALSIGHT, LLC",16f3bda9-055e-11ec-912d-93da5cd6dce1,100.0,MATCHED
400,PM ENERGI A/S,b529e3a6-93e4-11eb-8859-29e7c34dee35,100.0,MATCHED
401,Postnord Danmark (B2452),fac6c825-93e4-11eb-86dd-ffbd1b53140e,84.32,MATCHED
402,POSTEN BRING AS,42c3ecf7-1d65-11ee-9df5-e543427f87fa,100.0,MATCHED
403,DATA SCANNING A/S,93cb1a81-93e4-11eb-a746-fdabd18be9c6,71.14,MATCHED
404,PostNord Stralfors AB,f3137fa4-93e4-11eb-be5a-4f810ab55f2e,88.27,MATCHED
405,PRICEWATERHOUSECOOPERS STATSAUTORISERET REVISIONSPARTNERSELSKAB,c2d2c772-e602-11ed-aaf1-a9bb6aa25f65,84.7,MATCHED
406,PRICEWATERHOUSECOOPERS AS,d4239772-8546-11ec-8f98-f9b40efdfe08,83.66,MATCHED
407,PROPAKISTANI SOLUTIONS (PRIVATE) LIMITED,d6682c74-93e4-11eb-919a-b3f9a5ad205c,86.76,MATCHED
408,DRAKA NORSK KABEL AS,7e5f9a13-fc5f-11ec-8d0e-4949cc357430,70.75,MATCHED
409,Publicis Groupe Holdings B.V.,00f0d873-93e5-11eb-8474-3bbe2d07207d,87.73,MATCHED
410,QCC GLOBAL LIMITED,d9f2b2c1-93e4-11eb-a746-fdabd18be9c6,75.58,MATCHED
411,QCC INTERSCAN LTD,,67.88,UNMATCHED (Low Confidence)
412,QLIKTECH DENMARK ApS,463be1c1-2500-11ec-abad-a332bf576a25,85.0,MATCHED
413,QlikTech International Markets AB,6e78222b-9df5-11ef-a80f-179817213e61,100.0,MATCHED
414,QlikTech Nordic AB,55862ac9-9d66-11ef-aecb-ed811e9ee609,84.19,MATCHED
415,"QUALTRICS, LLC",2ce34da1-93e5-11eb-90d2-e3355a7e800b,100.0,MATCHED
416,QUESTBACK AS,e6d9287a-93e4-11eb-be3a-7f925cb94351,100.0,MATCHED
417,Radio Frequency Systems Gesellschaft mit beschrankter Haftung,7e7ca675-0db6-11ec-aaad-e5a5ee267b5b,81.41,MATCHED
418,RAJAH & TANN,d107ada1-93e4-11eb-8859-29e7c34dee35,88.75,MATCHED
419,RAPID7 INTERNATIONAL LIMITED,cf79e1b0-93e4-11eb-aa66-9b8d95e2171b,82.5,MATCHED
420,Red Hat Asia Pacific Pte Ltd,9973fa6b-8aae-11ec-be09-3b46a3ec669e,88.75,MATCHED
421,RED HAT LIMITED,6c583a00-93e4-11eb-b4a6-27899be4e45d,87.73,MATCHED
422,Red Hat Malaysia Sdn. Bhd.,8d744e31-ca8a-11ec-bce4-ef3debe8cbb7,80.0,MATCHED
423,RELOCATION AS,13d6cc27-93e5-11eb-8474-3bbe2d07207d,100.0,MATCHED
424,RETAIL FOCUS A/S,177157fd-93e5-11eb-b997-8dd98d09cf25,77.5,MATCHED
425,REVEALCX LLC,168fa5a3-20d1-11ee-955b-359ace42ebb8,91.67,MATCHED
426,Rezponz A/S,c8b67a70-c825-11ec-89f7-7594ea00aeb1,100.0,MATCHED
427,Rhenus Warehousing Solutions Denmark A/S,11a58013-c50b-11ef-9531-7716dbb12d27,92.06,MATCHED
428,RITTAL A/S,83718e53-1b00-11ec-a945-71766a416f0a,100.0,MATCHED
429,RTTD LTD,,27.96,UNMATCHED (Low Confidence)
430,BRINTH & HILLERUP A/S,03a33160-6ce5-11ec-a235-43a77bc58316,73.0,MATCHED
431,SAGEMCOM BROADBAND SAS,e3e3b642-93e4-11eb-9937-4fab995bf8ff,81.36,MATCHED
432,"SAILPOINT TECHNOLOGIES, INC.",e1d91d63-e674-11ec-8ac8-377cee3b877e,100.0,MATCHED
433,SALESFORCE UK LIMITED,eec679a2-18cf-11f0-a165-1fea2565d9d2,80.36,MATCHED
434,SALESFORCE.COM SINGAPORE PTE. LTD.,,67.86,UNMATCHED (Low Confidence)
435,Salling Group Forsikring A/S,7feec0c1-157e-11ee-9c96-459faa30fb81,76.07,MATCHED
436,Saluran Cekap (M) Sdn. Bhd.,b1e580a1-583d-11ec-91ee-edc6c109839b,92.42,MATCHED
437,SAMSUNG ELECTRONICS NORDIC AKTIEBOLAG,2d6323ad-1afe-11ec-be37-19557aad561c,92.14,MATCHED
438,SANVARU TECHNOLOGY LIMITED,425606ac-93e5-11eb-919a-b3f9a5ad205c,100.0,MATCHED
439,SAP DANMARK A/S,9c25ed98-93e4-11eb-8474-3bbe2d07207d,77.5,MATCHED
440,SAS INSTITUTE AS,,65.38,UNMATCHED (Low Confidence)
441,SAVILLE CONSULTING DANMARK A/S,1930e241-93e5-11eb-b5f6-816dd10ac7b0,100.0,MATCHED
442,SCHNEIDER ELECTRIC DANMARK A/S,,68.5,UNMATCHED (Low Confidence)
443,Scrive AB,ac84e842-93e4-11eb-919a-b3f9a5ad205c,100.0,MATCHED
444,ServiceNow Nederland B.V.,77842e7a-93e4-11eb-8474-3bbe2d07207d,81.47,MATCHED
445,SFDC IRELAND LIMITED,,47.76,UNMATCHED (Low Confidence)
446,"SHANDONG SACRED SUN POWER SOURCES CO., LTD",19b665f0-93e5-11eb-a736-0f5b20ecb2f1,87.73,MATCHED
447,"SHENZHEN CENTER POWER TECH. CO., LTD.",427adc04-e7a9-11ec-b6b7-8f4fbf416354,85.0,MATCHED
448,"Shenzhen Huaptec Co., Ltd",004ef7e0-aec3-11ef-86b6-3b0e501976c1,76.43,MATCHED
449,"Shenzhen Sdmc Technology Co., Ltd",83d0637d-e5e0-11ec-bc14-1101693c4049,100.0,MATCHED
450,"SHENZHEN SKYWORTH DIGITAL TECHNOLOGY CO., LTD.",9b5c0de3-93e4-11eb-8ad6-7326edce8d21,85.0,MATCHED
451,SHIELDS ENVIRONMENTAL GROUP LTD,c0fbb509-93e4-11eb-be5a-4f810ab55f2e,72.26,MATCHED
452,"Shuangdeng Group Co., Ltd.",2f5615e0-0d48-11ec-baff-b3f7938105ab,100.0,MATCHED
454,Siae-microelettronica - S.p.a.,1d3ad1c3-93e5-11eb-a746-fdabd18be9c6,83.28,MATCHED
455,Sievo Oy,a823b0f3-93e4-11eb-aa66-9b8d95e2171b,100.0,MATCHED
456,SIGNICAT AS,7f321fd7-93e4-11eb-8859-29e7c34dee35,75.64,MATCHED
457,SILLEHOVED ApS,ab1c21c0-f8b5-11ed-a8b3-7b4d48a6e9d9,100.0,MATCHED
458,SINGTEL GLOBAL INVESTMENT PTE. LTD.,0cb473fa-f6e1-11ec-a34e-db0bb32b96ad,74.47,MATCHED
459,SiPM,,28.06,UNMATCHED (Low Confidence)
460,Skillpower Services (Thailand) Co Ltd,,56.58,UNMATCHED (Low Confidence)
461,SKYCALL AS,8a5c3f6b-93e4-11eb-be3a-7f925cb94351,100.0,MATCHED
462,Smart Media4U Technology Pte. Ltd.,c3d1aee0-fcc1-11ed-8628-bd8e2d8d8a31,79.75,MATCHED
463,SMART TECHNOLOGIES (BD) LIMITED,16a46b07-93e5-11eb-aa66-9b8d95e2171b,90.66,MATCHED
464,Smartly.io Holding Inc,,61.73,UNMATCHED (Low Confidence)
465,SNOW SOFTWARE AB,d7fdc096-93e4-11eb-86dd-ffbd1b53140e,100.0,MATCHED
466,Snow Software ApS,5516dd90-aaf0-11ef-baa5-b1d00e182d98,70.0,MATCHED
467,SNOW AS,,62.5,UNMATCHED (Low Confidence)
468,"SoftwareONE Co., Ltd.",,63.01,UNMATCHED (Low Confidence)
469,SOFTWAREONE NORWAY AS,ca236fc9-1b01-11ec-893d-41807d3de292,93.57,MATCHED
470,SOFTWAREONE PTE. LTD.,,68.39,UNMATCHED (Low Confidence)
471,SONY MOBILE COMMUNICATIONS AB,22eb73cc-b881-11eb-ba1b-d1adb4855c20,70.0,MATCHED
472,South Pole Sweden AB,2c51a7ea-d88d-11ec-8458-930fb706770a,88.33,MATCHED
473,Southern Cable Sdn. Bhd.,450b89b9-93e5-11eb-8ad6-7326edce8d21,71.76,MATCHED
474,Splunk Inc.,dc3d014e-25aa-11ef-84bb-3b7d91468c81,100.0,MATCHED
475,SPORTS STAR INTERNATIONAL (PRIVATE) LTD.,f7e5eff0-58e5-11ed-9cc3-5bfe46360075,100.0,MATCHED
476,SQUARETRADE EUROPE LIMITED,dccde9da-42b0-11ee-9025-634a98bcca30,88.33,MATCHED
477,SQUARETRADE LIMITED,2c43d957-93e5-11eb-8474-3bbe2d07207d,100.0,MATCHED
478,Starcom FZ-LLC,715a75a2-08e9-11ee-ae0e-4f53274d777f,85.0,MATCHED
479,STARSEED TECHNOLOGIES (S) PTE. LTD.,0f34c0d7-197b-11ef-bb50-ff355101f6ca,85.0,MATCHED
480,Stena Recycling Holding AB,,69.35,UNMATCHED (Low Confidence)
481,STORM COMMUNICATIONS AS,778a3f93-f35c-11ee-a2cf-e34c0e809adb,88.75,MATCHED
482,SUBEX (ASIA PACIFIC) PTE. LIMITED,,37.5,UNMATCHED (Low Confidence)
483,SUBEX (UK) LIMITED,c98e8805-93e4-11eb-8e19-198fb02d6f96,81.5,MATCHED
484,Sutera Utama Sdn. Bhd.,43f5c0a1-a7e2-11ed-9443-77059af26349,86.58,MATCHED
485,Swichtec Power Systems Sdn. Bhd.,324b1f73-93e5-11eb-8859-29e7c34dee35,100.0,MATCHED
486,Syarikat Takaful Malaysia Keluarga Berhad,eb329782-93e4-11eb-a736-0f5b20ecb2f1,100.0,MATCHED
487,"SYNIVERSE COMMUNICATIONS, LLC",84e29359-93e4-11eb-a33a-a3dfba582839,82.86,MATCHED
488,Systems Limited,c5d06e91-93e4-11eb-a736-0f5b20ecb2f1,88.33,MATCHED
489,Systemteknik af 2021 A/S,,69.73,UNMATCHED (Low Confidence)
490,T/A POL AS,389f973e-01ee-11ec-8b61-35bce24791d3,82.0,MATCHED
491,TALEND SINGAPORE PTE. LTD.,00cfe2f8-93e5-11eb-b997-8dd98d09cf25,80.31,MATCHED
492,Talend Sweden AB,,56.58,UNMATCHED (Low Confidence)
493,Talentech ApS,14426861-22ee-11ec-9e3b-1143ee662a91,86.15,MATCHED
494,TAMPNET AS,ef6e1e50-93e4-11eb-8ad6-7326edce8d21,100.0,MATCHED
496,TATA COMMUNICATIONS INTERNATIONAL PTE. LTD.,2b145a02-93e5-11eb-8859-29e7c34dee35,85.0,MATCHED
497,"TATA CONSULTANCY SERVICES LIMITED, FILIAL AF TATA CONSULTANCY SERVICES LTD.,INDIEN",,57.48,UNMATCHED (Low Confidence)
498,TATA CONSULTANCY SERVICES SVERIGE AB,015a6fb7-93e5-11eb-91fb-73d498260b10,83.42,MATCHED
499,TCT MOBILE INTERNATIONAL LTD.,9aa73fcc-2bbb-11ef-90fc-49e996ebd993,83.27,MATCHED
500,TD SYNNEX Denmark ApS,,69.59,UNMATCHED (Low Confidence)
501,TEALIUM INC.,e99d2a75-93e4-11eb-9937-4fab995bf8ff,100.0,MATCHED
502,"TEAM INTERNATIONAL SERVICES, INC.",2d63c842-93e5-11eb-b997-8dd98d09cf25,100.0,MATCHED
503,TECH MAHINDRA (THAILAND) COMPANY LIMITED,466e6160-1a57-11ee-b283-e93ffb37649e,92.64,MATCHED
504,Tech Mahindra Ict Services (Malaysia) Sdn. Bhd.,00beab84-918f-11ed-8109-cd2bc6a86027,79.55,MATCHED
505,Tecnotree Oyj,bd9ea750-93e4-11eb-be5a-4f810ab55f2e,100.0,MATCHED
506,TELECOM EQUIPMENT PTE LTD,04a78940-19a9-11ee-aec0-a1af3c434505,90.14,MATCHED
507,Telekom Malaysia Berhad,1b0fb400-a7d5-11ed-9228-6df634a34cc8,89.29,MATCHED
508,TELENOR SHARED SERVICES DENMARK A/S,bb9fa300-93e4-11eb-a33a-a3dfba582839,82.0,MATCHED
509,TELENOR ASA,18792b00-93e5-11eb-8859-29e7c34dee35,85.0,MATCHED
510,TELENOR BROADCAST HOLDING AS,342de933-93e5-11eb-9937-4fab995bf8ff,100.0,MATCHED
511,Telenor Connexion AB,f0d7e780-93e4-11eb-8e19-198fb02d6f96,85.0,MATCHED
512,TELENOR D.O.O. BEOGRAD,8fff5635-4338-11ef-a037-c55803b26056,78.47,MATCHED
513,TELENOR DANMARK HOLDING A/S,,61.86,UNMATCHED (Low Confidence)
515,TELENOR FIBER AS,0e5f5346-ef74-11ee-a589-df5b398caaa4,89.62,MATCHED
517,TELENOR GO PTE. LTD.,f8dd5135-0c43-11ee-b94f-ebf23e82ffaf,87.73,MATCHED
518,TELENOR LDI COMMUNICATIONS (PVT.) LIMITED,,63.38,UNMATCHED (Low Confidence)
519,TELENOR GLOBAL SERVICES AS,d4d3de9b-2d28-11ed-abd0-cb4d1b9ef28b,100.0,MATCHED
520,Telenor Magyarorszag Zrt.,0bfd6f80-ca6c-11ec-9fda-955688f546bd,91.38,MATCHED
521,TELENOR NORGE AS,f78e0b4a-93e4-11eb-9937-4fab995bf8ff,100.0,MATCHED
522,TELENOR PAKISTAN,b69c114f-93e4-11eb-b4a6-27899be4e45d,100.0,MATCHED
524,TELENOR REAL ESTATE AS,1ac82415-93e5-11eb-be3a-7f925cb94351,82.21,MATCHED
525,Telenor Shared Services AS,4df951dc-2cfa-11ef-96db-335e17d831d9,87.0,MATCHED
526,TELENOR SOFTWARE LAB AS,dbe2248f-aba6-11ef-b6d6-0b609ebb973a,85.0,MATCHED
527,TELENOR SVALBARD AS,46de1915-b931-11ed-afa5-ed77e2762254,87.4,MATCHED
528,TELETEAMET A/S,a84b4151-0da2-11ec-9b20-fda7bd57cf2c,94.0,MATCHED
529,Teliti Teknik Sdn Bhd,bdf9ef01-b77a-11ed-be56-5737ab22b0ef,90.71,MATCHED
530,Textilia Group A/S,82f1b671-106e-11ee-96a3-3bc9ea359402,80.44,MATCHED
531,Thailife Insurance Public Company Limited,22d880ae-93e5-11eb-8e19-198fb02d6f96,84.42,MATCHED
532,SETEC CARD A/S,,18.87,UNMATCHED (Low Confidence)
533,GEMALTO NORGE AS,88ebf1ce-3a02-11ee-94b5-fd90c5a93d00,100.0,MATCHED
534,Thales DIS Sweden AB,,64.42,UNMATCHED (Low Confidence)
535,TIETOEVRY NORWAY AS,8dfb5f3d-93e4-11eb-a33a-a3dfba582839,90.45,MATCHED
537,TINEX GROUP AS,e8cae664-93e4-11eb-b89f-536884b3e7dd,100.0,MATCHED
538,Tm Technology Services Sdn. Bhd.,2fc4267e-93e5-11eb-b4a6-27899be4e45d,93.82,MATCHED
539,Tongyu Communication Inc.,2b94d4a1-93e5-11eb-b89f-536884b3e7dd,76.43,MATCHED
540,Tp Link International Ltd.,fedb5170-bfb3-11ec-aa0f-71bbddca30bf,86.58,MATCHED
541,TPM DATA ApS,0176f865-93e5-11eb-91fb-73d498260b10,70.0,MATCHED
542,"Tradium, Erhvervsskole og - gymnasier, Randers S/I",017806f1-2aa1-11ef-9160-93062718f344,83.05,MATCHED
543,TRANSMODE SYSTEMS AB,7422ed1e-5e29-11ef-90a8-8b966e020cd1,100.0,MATCHED
544,TREND MICRO (SINGAPORE) PTE. LTD.,7f4688c8-ad32-11ef-8c9e-31c2725f601c,74.0,MATCHED
545,Trifork A/S,0bbb730a-93e5-11eb-be3a-7f925cb94351,100.0,MATCHED
546,True Move H Universal Communication Co Ltd,4c667ccb-13c6-11ec-9836-ef7b0600cc53,78.51,MATCHED
547,TRUSTZONE A/S,8b944a32-93e4-11eb-86dd-ffbd1b53140e,100.0,MATCHED
548,TT DOTCOM SDN. BHD.,,56.97,UNMATCHED (Low Confidence)
549,TT-NETVAERKET P/S,f1ca36c3-93e4-11eb-9937-4fab995bf8ff,95.91,MATCHED
550,TUTELA TECHNOLOGIES LTD.,c5b76852-93e4-11eb-be3a-7f925cb94351,79.23,MATCHED
551,TXO SYSTEMS LTD,a4e5eb10-93e4-11eb-be3a-7f925cb94351,100.0,MATCHED
552,UIPATH SRL,fbd80a51-3243-11ec-9985-d11c4bd35db5,100.0,MATCHED
553,Unit Trust Of Pakistan,,68.4,UNMATCHED (Low Confidence)
554,"UNITED INFORMATION HIGHWAY CO., LTD.",2950b10d-93e5-11eb-919a-b3f9a5ad205c,95.0,MATCHED
555,Ur Consult ApS,d21a0337-03a5-11ec-a873-d574c694d6a6,70.88,MATCHED
556,UTEL AS,e5d58700-d139-11ec-90aa-d5cfd1428197,100.0,MATCHED
557,VANTIVA TECHNOLOGIES,,53.63,UNMATCHED (Low Confidence)
558,Vertiv (Malaysia) Sdn. Bhd.,,43.25,UNMATCHED (Low Confidence)
559,"VERTIV (THAILAND) CO., LTD.",,44.0,UNMATCHED (Low Confidence)
560,Vertiv Energy Private Limited,3dab2b4c-b0d3-11ef-95f9-0de7499436cf,76.67,MATCHED
561,VERTIV (SINGAPORE) PTE. LTD.,,57.05,UNMATCHED (Low Confidence)
562,Viaplay Group AB (publ),3a455bf0-93e5-11eb-a33a-a3dfba582839,79.71,MATCHED
563,VIRTUAL WORLD (PVT.) LIMITED,41e1cae2-1182-11ec-ab7f-1d16de437ce8,86.3,MATCHED
564,MV-NORDIC A/S,,69.4,UNMATCHED (Low Confidence)
565,VOXOGO ApS,ed5cca83-93e4-11eb-8859-29e7c34dee35,100.0,MATCHED
566,WATCHDATA TECHNOLOGIES PTE LTD,f3e108dc-93e4-11eb-8e19-198fb02d6f96,100.0,MATCHED
567,WATEEN SOLUTIONS (PVT.) LIMITED,1d164ec2-0207-11ef-9c4a-0fa9a82a1312,86.76,MATCHED
568,Waystream AB,c179226e-93e4-11eb-9937-4fab995bf8ff,80.38,MATCHED
569,WIDEROE AS,85da39b1-93e4-11eb-8474-3bbe2d07207d,93.57,MATCHED
570,Wilke Markedsanalyse A/S,01eb8c25-93e5-11eb-b4a6-27899be4e45d,78.25,MATCHED
571,WIPRO LIMITED,e760f611-93e4-11eb-be5a-4f810ab55f2e,87.73,MATCHED
572,WIPRO LIMITED (SINGAPORE BRANCH),f5b10fd3-0321-11ee-b9c7-d945c48165b4,89.29,MATCHED
573,Wire & Wireless Co Ltd,727be343-ba6f-11eb-a6d9-7794e56e1994,89.29,MATCHED
574,WOODLANDS TRANSPORT SOLUTIONS PTE. LTD.,3a3d6cb0-93e5-11eb-8ad6-7326edce8d21,80.12,MATCHED
575,WORKDAY LIMITED,8c15d642-93e4-11eb-8474-3bbe2d07207d,88.6,MATCHED
576,WTW REAL ESTATE SDN. BHD.,bb46d4a4-93e4-11eb-8859-29e7c34dee35,86.9,MATCHED
577,XIT SOFTWARE ApS,ae1ecc30-0c00-11ec-882c-e7dd96ffa691,100.0,MATCHED
578,Yangtze Optical Fibre And Cable Joint Stock Ltd.,c9fbf78c-8b5f-11ec-9e94-331f9459c7f5,100.0,MATCHED
579,YINDA TECHNOLOGY (THAILAND) COMPANY LIMITED,e26d008f-4dae-11ee-820a-3797d6fca93c,93.79,MATCHED
580,ZALARIS HR SERVICES DANMARK A/S,1965cb44-f87f-11ed-ab94-9d382b3b5926,92.06,MATCHED
581,Zalaris HR Services Finland Oy,2232e03f-ff78-11eb-a358-8dbe3201bc48,80.08,MATCHED
582,ZALARIS HR SERVICES NORWAY AS,28b4ac6a-b989-11ec-9415-2f89cc4d8f8b,70.2,MATCHED
583,Zalaris HR Services Sverige AB,12e5a0a4-f5c3-11ed-88cc-c9466c597c9c,93.0,MATCHED
584,ZENDATA ApS,ae69fbe1-93e4-11eb-be3a-7f925cb94351,78.92,MATCHED
585,ZHONGXING TELECOM PAKISTAN (PRIVATE) LIMITED,4d56b450-e160-11eb-affd-256fd8cf1b98,100.0,MATCHED
586,ZIFF DAVIS IRELAND LIMITED,,65.39,UNMATCHED (Low Confidence)
587,Zte (Malaysia) Corporation Sdn. Bhd.,9d0ddc95-93e4-11eb-8e19-198fb02d6f96,78.77,MATCHED
588,Zte (Thailand) Co Ltd,3a1f7b24-683a-11ee-92e5-016d0f508b74,93.57,MATCHED
589,Zte Corporation,a68dcec0-93e4-11eb-9937-4fab995bf8ff,85.0,MATCHED
590,Z.T.E. CORPORATION BANGLADESH LTD.,3a852200-1b06-11ec-ae98-5d8c88c64981,78.22,MATCHED
591,ZTE NORWAY AS,05b20a12-93e5-11eb-9937-4fab995bf8ff,79.55,MATCHED
